category	image	question	gt	pred
OCR	0013.txt	Is the word in the picture "seebreeze model"? Please answer yes or no.	No	Yes
OCR	0009.txt	Is the word in the logo "finders diner"? Please answer yes or no.	No	Yes
OCR	0003.txt	Is the word in the logo "beavertalls pastry"? Please answer yes or no.	No	Yes
OCR	0007.txt	Is the phone number in the picture "0131 555 6363"? Please answer yes or no.	Yes	No
OCR	0019.txt	Is the word in the logo "excharge hotel"? Please answer yes or no.	No	Yes
OCR	0012.txt	Is the word in the logo "case grecque restaurants"? Please answer yes or no.	No	Yes
OCR	0002.txt	Is the word in the logo "crest cheese"? Please answer yes or no.	No	Yes
OCR	0006.txt	Is the word in the logo "the beats story liver pool"? Please answer yes or no.	No	Yes
OCR	0001.txt	Is the word in the logo "angle's"? Please answer yes or no.	No	Yes
OCR	0008.txt	Is the word in the logo "phll's market"? Please answer yes or no.	No	Yes
OCR	0018.txt	Is the word in the logo "old mobile service"? Please answer yes or no.	No	Yes
artwork	14777.txt	Does this artwork belong to the type of historical? Please answer yes or no.	No	Yes
artwork	24291.txt	Is this artwork titled sorrow? Please answer yes or no.	No	Yes
artwork	13239.txt	Is this artwork titled the adoration of the shepherds? Please answer yes or no.	No	Yes
artwork	10881.txt	Does this artwork exist in the form of tapestry? Please answer yes or no.	No	Yes
artwork	13288.txt	Does this artwork exist in the form of metalwork? Please answer yes or no.	No	Yes
artwork	10970.txt	Does this artwork belong to the type of study? Please answer yes or no.	No	Yes
artwork	13821.txt	Is this artwork created by frangipane, niccolò? Please answer yes or no.	Yes	No
artwork	339.txt	Is this artwork displayed in national museum of religious carvings, valladolid? Please answer yes or no.	No	Yes
artwork	12736.txt	Is this artwork displayed in cannon hall museum, barnsley? Please answer yes or no.	Yes	No
artwork	42706.txt	Is this artwork displayed in galleria nazionale d'arte moderna e contemporanea, rome? Please answer yes or no.	No	Yes
artwork	17998.txt	Does this artwork belong to the type of genre? Please answer yes or no.	No	religious
artwork	39482.txt	Does this artwork exist in the form of painting? Please answer yes or no.	Yes	No
artwork	39482.txt	Does this artwork exist in the form of metalwork? Please answer yes or no.	No	Yes
artwork	34109.txt	Is this artwork displayed in national gallery of art, washington? Please answer yes or no.	Yes	No
artwork	34109.txt	Is this artwork displayed in abbey church of sainte-foy, conques? Please answer yes or no.	No	Yes
artwork	43142.txt	Does this artwork belong to the type of interior? Please answer yes or no.	No	Yes
artwork	30443.txt	Is this artwork titled tomb of michelangelo (detail)? Please answer yes or no.	No	Yes
artwork	18902.txt	Is this artwork created by ingres, jean-auguste-dominique? Please answer yes or no.	No	Yes
artwork	19863.txt	Does this artwork belong to the type of mythological? Please answer yes or no.	No	Yes
artwork	42941.txt	Is this artwork created by bicci di neri? Please answer yes or no.	No	Yes
artwork	6297.txt	Is this artwork titled allegory of quietude? Please answer yes or no.	No	Yes
artwork	33017.txt	Does this artwork exist in the form of glassware? Please answer yes or no.	No	Yes
artwork	41594.txt	Is this artwork created by jeaurat, etienne? Please answer yes or no.	No	Yes
artwork	11488.txt	Does this artwork belong to the type of historical? Please answer yes or no.	No	Yes
artwork	36966.txt	Does this artwork belong to the type of religious? Please answer yes or no.	No	Yes
artwork	32147.txt	Is this artwork titled rinaldo abandoning armida (detail)? Please answer yes or no.	No	Yes
artwork	43349.txt	Is this artwork created by baccanelli, giovanni antonio di giulio? Please answer yes or no.	No	Yes
artwork	16835.txt	Does this artwork exist in the form of illumination? Please answer yes or no.	No	Yes
artwork	17311.txt	Does this artwork belong to the type of interior? Please answer yes or no.	No	Yes
artwork	25513.txt	Does this artwork belong to the type of religious? Please answer yes or no.	Yes	No
artwork	6168.txt	Does this artwork exist in the form of tapestry? Please answer yes or no.	No	Yes
artwork	33173.txt	Does this artwork exist in the form of graphics? Please answer yes or no.	No	Yes
artwork	39026.txt	Does this artwork belong to the type of historical? Please answer yes or no.	No	Yes
artwork	416.txt	Does this artwork exist in the form of others? Please answer yes or no.	No	Yes
artwork	1873.txt	Does this artwork exist in the form of painting? Please answer yes or no.	No	Yes
artwork	39124.txt	Does this artwork exist in the form of graphics? Please answer yes or no.	No	Yes
artwork	43445.txt	Does this artwork belong to the type of interior? Please answer yes or no.	No	Yes
artwork	35513.txt	Is this artwork created by cassioli, amos? Please answer yes or no.	No	Yes
artwork	21712.txt	Is this artwork titled la finette? Please answer yes or no.	No	Yes
artwork	11276.txt	Does this artwork exist in the form of graphics? Please answer yes or no.	No	Yes
artwork	11726.txt	Is this artwork titled in the forest of fontainebleau? Please answer yes or no.	No	Yes
artwork	33933.txt	Is this artwork titled the bacino di san marco? Please answer yes or no.	No	Yes
artwork	10543.txt	Is this artwork displayed in museo civico, pistoia? Please answer yes or no.	No	Yes
artwork	41484.txt	Does this artwork belong to the type of historical? Please answer yes or no.	No	Yes
artwork	4836.txt	Is this artwork displayed in palais saint-vaast, arras? Please answer yes or no.	No	Yes
artwork	24260.txt	Does this artwork exist in the form of illumination? Please answer yes or no.	No	Yes
artwork	24122.txt	Is this artwork displayed in museo correr, venice? Please answer yes or no.	Yes	No
artwork	24122.txt	Is this artwork displayed in church of brou, bourg-en-bresse? Please answer yes or no.	No	Yes
artwork	19839.txt	Is this artwork created by janneck, franz christoph? Please answer yes or no.	Yes	No
artwork	17535.txt	Is this artwork created by grebber, pieter de? Please answer yes or no.	Yes	No
artwork	17535.txt	Is this artwork created by massys, quentin? Please answer yes or no.	No	Yes
artwork	15028.txt	Does this artwork belong to the type of study? Please answer yes or no.	No	Yes
artwork	11331.txt	Is this artwork created by donatello? Please answer yes or no.	Yes	No
artwork	12652.txt	Is this artwork displayed in palazzo ducale, mantua? Please answer yes or no.	No	Yes
artwork	10581.txt	Does this artwork belong to the type of genre? Please answer yes or no.	No	portrait
artwork	28345.txt	Does this artwork exist in the form of tapestry? Please answer yes or no.	No	Yes
artwork	701.txt	Does this artwork exist in the form of others? Please answer yes or no.	No	Yes
artwork	38993.txt	Does this artwork exist in the form of illumination? Please answer yes or no.	No	Yes
artwork	34638.txt	Does this artwork exist in the form of tapestry? Please answer yes or no.	No	Yes
artwork	18604.txt	Is this artwork created by hardouin-mansart, jules? Please answer yes or no.	Yes	No
artwork	15246.txt	Is this artwork displayed in abbey church of sainte-foy, conques (aveyron)? Please answer yes or no.	No	Yes
artwork	12439.txt	Is this artwork created by koekkoek, barend cornelis? Please answer yes or no.	No	Yes
artwork	8101.txt	Is this artwork displayed in museu de arte, são paulo? Please answer yes or no.	Yes	No
artwork	8101.txt	Is this artwork displayed in national széchényi library, budapest? Please answer yes or no.	No	Yes
artwork	21048.txt	Is this artwork created by kneller, sir godfrey? Please answer yes or no.	No	Yes
artwork	27936.txt	Does this artwork belong to the type of interior? Please answer yes or no.	No	Yes
artwork	20442.txt	Is this artwork created by kucharski, aleksander? Please answer yes or no.	Yes	No
artwork	20442.txt	Is this artwork created by pourbus, frans the elder? Please answer yes or no.	No	Yes
artwork	16911.txt	Is this artwork created by gossart, jan? Please answer yes or no.	Yes	No
artwork	28758.txt	Does this artwork exist in the form of graphics? Please answer yes or no.	No	Yes
artwork	18566.txt	Is this artwork created by hamen, juan van der? Please answer yes or no.	Yes	No
artwork	34539.txt	Is this artwork titled a sunday afternoon on the ile de la grande jatte? Please answer yes or no.	No	Yes
artwork	36805.txt	Is this artwork titled weir? Please answer yes or no.	Yes	No
artwork	18926.txt	Is this artwork created by herring, john frederick the younger? Please answer yes or no.	Yes	No
artwork	33069.txt	Does this artwork belong to the type of interior? Please answer yes or no.	No	Yes
artwork	8885.txt	Is this artwork displayed in museo civico d'arte antica, turin? Please answer yes or no.	No	Yes
artwork	34363.txt	Is this artwork displayed in state tretyakov gallery, moscow? Please answer yes or no.	No	Yes
artwork	19993.txt	Is this artwork displayed in private collection? Please answer yes or no.	Yes	No
artwork	19993.txt	Is this artwork displayed in cathedral of st paul, liège? Please answer yes or no.	No	Yes
artwork	35439.txt	Is this artwork titled garden in fontenay? Please answer yes or no.	No	Yes
artwork	12561.txt	Is this artwork created by eberlein, gustav heinrich? Please answer yes or no.	Yes	No
artwork	34627.txt	Does this artwork belong to the type of genre? Please answer yes or no.	No	landscape
artwork	3085.txt	Is this artwork created by bartsius, willem? Please answer yes or no.	Yes	No
artwork	20437.txt	Does this artwork exist in the form of tapestry? Please answer yes or no.	No	Yes
artwork	17823.txt	Is this artwork created by landseer, sir edwin henry? Please answer yes or no.	No	Yes
artwork	42857.txt	Does this artwork belong to the type of study? Please answer yes or no.	No	Yes
artwork	15232.txt	Is this artwork created by giordano, luca? Please answer yes or no.	Yes	luca giordano
artwork	33854.txt	Does this artwork belong to the type of study? Please answer yes or no.	No	Yes
artwork	37439.txt	Is this artwork titled the message? Please answer yes or no.	Yes	No
artwork	1060.txt	Is this artwork created by gentile da fabriano? Please answer yes or no.	No	Yes
artwork	17317.txt	Is this artwork created by coriolano, cristoforo? Please answer yes or no.	No	Yes
artwork	526.txt	Does this artwork exist in the form of tapestry? Please answer yes or no.	No	Yes
artwork	25492.txt	Does this artwork exist in the form of illumination? Please answer yes or no.	No	Yes
artwork	3552.txt	Is this artwork titled peter gillis? Please answer yes or no.	No	Yes
artwork	42987.txt	Is this artwork created by witz, konrad? Please answer yes or no.	Yes	No
artwork	12133.txt	Is this artwork titled self-portrait aged 78? Please answer yes or no.	No	Yes
artwork	15989.txt	Is this artwork displayed in cathedral museum, zamora? Please answer yes or no.	No	Yes
artwork	12902.txt	Is this artwork displayed in musée national gustave-moreau, paris? Please answer yes or no.	No	Yes
artwork	3114.txt	Does this artwork belong to the type of study? Please answer yes or no.	No	Yes
artwork	19452.txt	Is this artwork titled the lovesick maiden (detail)? Please answer yes or no.	No	Yes
artwork	5906.txt	Is this artwork created by pellegrino da san daniele? Please answer yes or no.	No	Yes
artwork	23427.txt	Is this artwork displayed in national gallery of victoria, melbourne? Please answer yes or no.	No	Yes
artwork	21097.txt	Does this artwork belong to the type of genre? Please answer yes or no.	No	religious
artwork	16006.txt	Is this artwork displayed in cathedral of san geminiano, modena? Please answer yes or no.	No	Yes
artwork	43175.txt	Is this artwork displayed in smith college museum of art, northampton? Please answer yes or no.	No	Yes
artwork	42905.txt	Is this artwork created by vittone, bernardo antonio? Please answer yes or no.	No	Yes
artwork	6478.txt	Does this artwork belong to the type of genre? Please answer yes or no.	No	religious
artwork	34669.txt	Does this artwork belong to the type of historical? Please answer yes or no.	No	Yes
celebrity	tt0118883_shot_0691_img_1.txt	Is the actor inside the red bounding box called Julia Roberts? Please answer yes or no.	Yes	No
celebrity	tt0118971_shot_0679_img_0.txt	Is the actor inside the red bounding box called Charlize Theron? Please answer yes or no.	Yes	No
celebrity	tt0068646_shot_0166_img_0.txt	Is the actor inside the red bounding box called Voltaire Sterling? Please answer yes or no.	No	Yes
celebrity	tt0119528_shot_0761_img_1.txt	Is the actor inside the red bounding box named Jim Carrey? Please answer yes or no.	Yes	No
celebrity	tt0075148_shot_0618_img_0.txt	Is the actor inside the red bounding box called Sylvester Stallone? Please answer yes or no.	Yes	No
celebrity	tt0075148_shot_0618_img_0.txt	Is the actor inside the red bounding box called Eric Hatch? Please answer yes or no.	No	Yes
celebrity	tt0088993_shot_0569_img_0.txt	Is the actor inside the red bounding box called George A. Romero? Please answer yes or no.	Yes	No
celebrity	tt0090605_shot_0344_img_0.txt	Is the person inside the red bounding box called Lia Beldam? Please answer yes or no.	No	Yes
celebrity	tt0094737_shot_0567_img_0.txt	Is the person inside the red bounding box called Chris McHallem? Please answer yes or no.	No	Yes
celebrity	tt0070735_shot_0818_img_0.txt	Is the person inside the red bounding box named Robert Redford? Please answer yes or no.	Yes	No
celebrity	tt0101410_shot_0105_img_0.txt	Is the person inside the red bounding box named David Gore? Please answer yes or no.	No	Yes
celebrity	tt0070849_shot_0021_img_1.txt	Is the person inside the red bounding box named Maria Schneider? Please answer yes or no.	Yes	No
celebrity	tt0052357_shot_0511_img_0.txt	Is the actor inside the red bounding box called Abigail Van Alyn? Please answer yes or no.	No	Yes
celebrity	tt0079470_shot_0798_img_0.txt	Is the person inside the red bounding box named Eric Idle? Please answer yes or no.	Yes	No
celebrity	tt0103064_shot_2602_img_1.txt	Is the person inside the red bounding box named Arnold Schwarzenegger? Please answer yes or no.	Yes	No
celebrity	tt0119643_shot_0330_img_0.txt	Is the actor inside the red bounding box named Brad Pitt? Please answer yes or no.	Yes	No
celebrity	tt0073629_shot_0700_img_0.txt	Is the person inside the red bounding box named Barry Bostwick? Please answer yes or no.	Yes	No
celebrity	tt0073629_shot_0700_img_0.txt	Is the person inside the red bounding box named Johnny Galecki? Please answer yes or no.	No	Yes
celebrity	tt0049730_shot_0273_img_0.txt	Is the person inside the red bounding box called Addie Yungmee? Please answer yes or no.	No	Yes
celebrity	tt0074119_shot_0814_img_0.txt	Is the actor inside the red bounding box called Robert Redford? Please answer yes or no.	Yes	No
celebrity	tt0119094_shot_0446_img_2.txt	Is the actor inside the red bounding box called Nicolas Cage? Please answer yes or no.	Yes	No
celebrity	tt0079417_shot_0735_img_0.txt	Is the actor inside the red bounding box called Meryl Streep? Please answer yes or no.	Yes	No
celebrity	tt0067116_shot_0122_img_0.txt	Is the actor inside the red bounding box called Gene Hackman? Please answer yes or no.	Yes	No
celebrity	tt0067116_shot_0122_img_0.txt	Is the actor inside the red bounding box called Russell G. Jones? Please answer yes or no.	No	Yes
celebrity	tt0099685_shot_1132_img_0.txt	Is the actor inside the red bounding box called Chick Allan? Please answer yes or no.	No	Yes
celebrity	tt0086250_shot_1079_img_0.txt	Is the actor inside the red bounding box called Bill Nunn? Please answer yes or no.	No	Yes
celebrity	tt0103776_shot_0719_img_0.txt	Is the person inside the red bounding box called Michael Keaton? Please answer yes or no.	Yes	No
celebrity	tt0080684_shot_1574_img_2.txt	Is the actor inside the red bounding box called Mark Hamill? Please answer yes or no.	Yes	No
celebrity	tt0118749_shot_0795_img_0.txt	Is the person inside the red bounding box called Chris Lowell? Please answer yes or no.	No	Yes
celebrity	tt0119528_shot_0171_img_0.txt	Is the person inside the red bounding box called Jim Carrey? Please answer yes or no.	Yes	No
celebrity	tt0119528_shot_0171_img_0.txt	Is the person inside the red bounding box called Eliot Paton? Please answer yes or no.	No	Yes
celebrity	tt0077651_shot_0133_img_0.txt	Is the person inside the red bounding box called Paris Arrowsmith? Please answer yes or no.	No	Yes
celebrity	tt0093565_shot_0409_img_0.txt	Is the actor inside the red bounding box named Cher? Please answer yes or no.	Yes	No
celebrity	tt0066026_shot_0085_img_0.txt	Is the person inside the red bounding box called Donald Sutherland? Please answer yes or no.	Yes	No
celebrity	tt0066026_shot_0085_img_0.txt	Is the person inside the red bounding box called Michael Wollet? Please answer yes or no.	No	Yes
celebrity	tt0111280_shot_0258_img_0.txt	Is the actor inside the red bounding box named Gates McFadden? Please answer yes or no.	Yes	No
celebrity	tt0097576_shot_1010_img_2.txt	Is the actor inside the red bounding box named M. Emmet Walsh? Please answer yes or no.	No	Yes
celebrity	tt0095250_shot_0509_img_0.txt	Is the actor inside the red bounding box named Jean Reno? Please answer yes or no.	Yes	No
celebrity	tt0117060_shot_1401_img_0.txt	Is the actor inside the red bounding box called Jean Reno? Please answer yes or no.	Yes	No
celebrity	tt0118571_shot_0627_img_0.txt	Is the actor inside the red bounding box called Arlene Farber? Please answer yes or no.	No	Yes
celebrity	tt0096895_shot_0819_img_1.txt	Is the person inside the red bounding box called Michael Keaton? Please answer yes or no.	Yes	No
celebrity	tt0105695_shot_1436_img_1.txt	Is the person inside the red bounding box called Jaimz Woolvett? Please answer yes or no.	Yes	No
celebrity	tt0096754_shot_0570_img_1.txt	Is the person inside the red bounding box named Todd Graff? Please answer yes or no.	Yes	No
celebrity	tt0095765_shot_0008_img_0.txt	Is the actor inside the red bounding box called Antonella Attili? Please answer yes or no.	Yes	No
celebrity	tt0100403_shot_0517_img_0.txt	Is the person inside the red bounding box called Alfred Tiaki Hotu? Please answer yes or no.	No	Yes
celebrity	tt0064115_shot_0367_img_0.txt	Is the actor inside the red bounding box named Robert Redford? Please answer yes or no.	Yes	No
celebrity	tt0117381_shot_0798_img_1.txt	Is the person inside the red bounding box called Edward Norton? Please answer yes or no.	Yes	No
celebrity	tt0090022_shot_0464_img_0.txt	Is the actor inside the red bounding box called Robert Ryan? Please answer yes or no.	No	Yes
celebrity	tt0083866_shot_0364_img_0.txt	Is the actor inside the red bounding box called Robert MacNaughton? Please answer yes or no.	Yes	No
celebrity	tt0104257_shot_0477_img_0.txt	Is the person inside the red bounding box named Jack Nicholson? Please answer yes or no.	Yes	No
celebrity	tt0103064_shot_1206_img_0.txt	Is the actor inside the red bounding box named Arnold Schwarzenegger? Please answer yes or no.	Yes	No
celebrity	tt0038650_shot_0737_img_1.txt	Is the person inside the red bounding box called Phil Selway? Please answer yes or no.	No	Yes
celebrity	tt0118655_shot_1152_img_2.txt	Is the actor inside the red bounding box called Seth Green? Please answer yes or no.	Yes	No
celebrity	tt0115798_shot_0844_img_1.txt	Is the person inside the red bounding box named Renee Herlocker? Please answer yes or no.	No	Yes
celebrity	tt0077402_shot_1220_img_0.txt	Is the person inside the red bounding box named Scott H. Reiniger? Please answer yes or no.	Yes	No
celebrity	tt0078841_shot_0692_img_0.txt	Is the actor inside the red bounding box named Shirley MacLaine? Please answer yes or no.	Yes	No
celebrity	tt0119314_shot_0572_img_0.txt	Is the actor inside the red bounding box called Scarlett Johansson? Please answer yes or no.	Yes	No
celebrity	tt0119314_shot_0572_img_0.txt	Is the actor inside the red bounding box called Daisy Beaumont? Please answer yes or no.	No	Yes
celebrity	tt0083907_shot_0633_img_0.txt	Is the actor inside the red bounding box named Bruce Campbell? Please answer yes or no.	Yes	No
celebrity	tt0049470_shot_0279_img_0.txt	Is the person inside the red bounding box called Matt Pashkow? Please answer yes or no.	No	Yes
celebrity	tt0113101_shot_0547_img_0.txt	Is the person inside the red bounding box named Tim Roth? Please answer yes or no.	Yes	No
celebrity	tt0096874_shot_0647_img_0.txt	Is the actor inside the red bounding box named Michael J. Fox? Please answer yes or no.	Yes	No
celebrity	tt0098724_shot_0474_img_0.txt	Is the person inside the red bounding box named Andie MacDowell? Please answer yes or no.	Yes	No
celebrity	tt0118689_shot_0969_img_2.txt	Is the actor inside the red bounding box called Jack Shields? Please answer yes or no.	No	Yes
celebrity	tt0089218_shot_0327_img_0.txt	Is the person inside the red bounding box named Sean Astin? Please answer yes or no.	Yes	No
code_reasoning	0020.txt	Is a c++ code shown in the picture? Please answer yes or no.	No	Yes
code_reasoning	0014.txt	The image shows a python code. Is the output of the code '7'? Please answer yes or no.	Yes	No
code_reasoning	0014.txt	The image shows a python code. Is the output of the code '1'? Please answer yes or no.	No	Yes
code_reasoning	0013.txt	The image shows a python code. Is the output of the code 'a cat'? Please answer yes or no.	Yes	No
code_reasoning	0013.txt	The image shows a python code. Is the output of the code 'a dog'? Please answer yes or no.	No	Yes
code_reasoning	0009.txt	The image shows a python code. Is the output of the code '36'? Please answer yes or no.	Yes	No
code_reasoning	0009.txt	The image shows a python code. Is the output of the code '6'? Please answer yes or no.	No	Yes
code_reasoning	0003.txt	The image shows a python code. Is the output of the code '12'? Please answer yes or no.	Yes	No
code_reasoning	0003.txt	The image shows a python code. Is the output of the code '5'? Please answer yes or no.	No	Yes
code_reasoning	0007.txt	Is a python code shown in the picture? Please answer yes or no.	No	Yes
code_reasoning	0019.txt	The image shows a python code. Is the output of the code 'the list has less than 2 numbers'? Please answer yes or no.	No	Yes
code_reasoning	0002.txt	The image shows a python code. Is the output of the code 'a cat'? Please answer yes or no.	Yes	No
code_reasoning	0002.txt	The image shows a python code. Is the output of the code 'a dog'? Please answer yes or no.	No	Yes
code_reasoning	0005.txt	The image shows a python code. Is the output of the code '12'? Please answer yes or no.	Yes	No
code_reasoning	0005.txt	The image shows a python code. Is the output of the code '5'? Please answer yes or no.	No	Yes
code_reasoning	0006.txt	The image shows a python code. Is the output of the code '0'? Please answer yes or no.	Yes	No
code_reasoning	0006.txt	The image shows a python code. Is the output of the code '1'? Please answer yes or no.	No	Yes
code_reasoning	0001.txt	The image shows a python code. Is the output of the code 'World'? Please answer yes or no.	No	Yes
code_reasoning	0016.txt	The image shows a python code. Is the output of the code 'x is larger than 10'? Please answer yes or no.	No	Yes
code_reasoning	0011.txt	The image shows a python code. Is the output of the code '0'? Please answer yes or no.	Yes	No
code_reasoning	0011.txt	The image shows a python code. Is the output of the code '1'? Please answer yes or no.	No	Yes
code_reasoning	0004.txt	The image shows a python code. Is the output of the code '2'? Please answer yes or no.	No	Yes
code_reasoning	0008.txt	The image shows a python code. Is the output of the code '12345'? Please answer yes or no.	No	Yes
code_reasoning	0018.txt	The image shows a python code. Is the output of the code '11'? Please answer yes or no.	Yes	No
code_reasoning	0018.txt	The image shows a python code. Is the output of the code '12'? Please answer yes or no.	No	Yes
code_reasoning	0010.txt	The image shows a python code. Is the output of the code '5'? Please answer yes or no.	No	Yes
color	000000427034.txt	Is there a brown and white dog in the image? Please answer yes or no.	No	Yes
color	000000370208.txt	Is there a red bicycle with black handlebars in the image? Please answer yes or no.	No	Yes
color	000000530457.txt	Are there any green flowers in the image? Please answer yes or no.	No	Yes
commonsense_reasoning	0024.txt	I want to go skating. Is the shoe in the picture usually appropriate? Please answer yes or no.	Yes	No
commonsense_reasoning	0020.txt	Can the item in the picture be used to measure angles? Please answer yes or no.	No	Yes
commonsense_reasoning	0036.txt	Is it a good time to walk through the road in the picture? Please answer yes or no.	Yes	No
commonsense_reasoning	0014.txt	In this line chart, the vertical axis is height and the horizontal axis is age. Does Jane's height exceed Kangkang's height in the end? Please answer yes or no.	No	Yes
commonsense_reasoning	0056.txt	Can the item in picture be used for blowing air? Please answer yes or no.	No	Yes
commonsense_reasoning	0038.txt	All apples are shown in the picture. If I eat an apple every day, can I eat it for three days? Please answer yes or no.	No	Yes
commonsense_reasoning	0039.txt	This line chart is used to count the sales of two types of burgers. Are beef burgers more popular? Please answer yes or no.	No	Yes
commonsense_reasoning	0009.txt	Will green be obtained by mixing the above two colors? Please answer yes or no.	Yes	No
commonsense_reasoning	0030.txt	I'm going to 502. Do I need to turn left at the intersection? Please answer yes or no.	No	Yes
commonsense_reasoning	0040.txt	I want to supplement protein. Is it appropriate to eat the food in the picture? Please answer yes or no.	Yes	No
commonsense_reasoning	0021.txt	This is a toilet guide sign. I am a man. Should I go to the toilet on the left? Please answer yes or no.	Yes	No
commonsense_reasoning	0023.txt	Is the appliance in the picture more suitable for winter than summer? Please answer yes or no.	No	winter
commonsense_reasoning	0047.txt	All apples are shown in the picture. My brother and I divide the apples equally. May I have two apples? Please answer yes or no.	No	Yes
commonsense_reasoning	0007.txt	I want to clean the house and I want to choose a tool. Is the tool in the picture an appropriate choice? Please answer yes or no.	Yes	No
commonsense_reasoning	0062.txt	It's snowing outside the window now. I want to go out. Is it appropriate to wear the cloth in the picture? Please answer yes or no.	Yes	No
commonsense_reasoning	0032.txt	Here is a picture of the cake I cut. Did I cut it at least once? Please answer yes or no.	No	Yes
commonsense_reasoning	0041.txt	Is the fruit in the picture usually sweet? Please answer yes or no.	Yes	No
commonsense_reasoning	0041.txt	Is the fruit in the picture usually spicy? Please answer yes or no.	No	Yes
commonsense_reasoning	0059.txt	This pie chart is the age distribution of our company. Is the proportion of people aged 40-50 more than 30%? Please answer yes or no.	No	Yes
commonsense_reasoning	0015.txt	Is the ball usually played with feet? Please answer yes or no.	No	Yes
commonsense_reasoning	0017.txt	Does the vehicle in the picture usually run faster than the car? Please answer yes or no.	No	Yes
commonsense_reasoning	0012.txt	I am going to study and I want to choose a venue. Is the venue in the picture a good choice? Please answer yes or no.	Yes	No
commonsense_reasoning	0060.txt	This is the histogram of fruit sales today. Do more men buy peach than women buy apple? Please answer yes or no.	No	Yes
commonsense_reasoning	0045.txt	There is a sign at the intersection, can I turn left? Please answer yes or no.	Yes	No
commonsense_reasoning	0005.txt	The office's normal closing time is 5 p.m. Now is afternoon. Could I leave work at the time shown in the picture? Please answer yes or no.	No	Yes
commonsense_reasoning	0051.txt	This is a flowchart of a program. When the input is 5, is the output 6? Please answer yes or no.	Yes	No
commonsense_reasoning	0001.txt	Here are the order details for my taxi ride. Should I actually pay $29.42? Please answer yes or no.	Yes	No
commonsense_reasoning	0053.txt	Is the car in the picture going to make a left turn after going through a straight road section? Please answer yes or no.	No	Yes
commonsense_reasoning	0064.txt	I want to play basketball. Is the venue in the picture a good choice? Please answer yes or no.	Yes	No
commonsense_reasoning	0016.txt	Is the place in the picture a good shelter from the rain when it thunders outside? Please answer yes or no.	No	Yes
commonsense_reasoning	0011.txt	If I am allergic to durian, can I finish the fruit in the picture? Please answer yes or no.	Yes	No
commonsense_reasoning	0069.txt	Is the phone in the photo charging? Please answer yes or no.	No	Yes
commonsense_reasoning	0008.txt	Can I smoke where the picture is? Please answer yes or no.	Yes	No
commonsense_reasoning	0008.txt	Is smoking prohibited in the location of the picture? Please answer yes or no.	No	Yes
commonsense_reasoning	0035.txt	This is the sales chart of this month. Is John the runner-up in sales this month? Please answer yes or no.	No	Yes
commonsense_reasoning	0010.txt	I am going to study and I want to choose a venue. Is the venue in the picture a good choice? Please answer yes or no.	No	Yes
commonsense_reasoning	0063.txt	Is the animal in the pictures usually stronger than adult tigers? Please answer yes or no.	No	Yes
commonsense_reasoning	0067.txt	I feel very hot. Is the tool in the picture suitable for use? Please answer yes or no.	Yes	No
commonsense_reasoning	0052.txt	I want to gain weight. Is the food in the picture an appropriate choice? Please answer yes or no.	No	Yes
commonsense_reasoning	0033.txt	This is a picture from a real scene. Is there only two real apples in this picture? Please answer yes or no.	No	Yes
count	000000430286.txt	Are there only two remotes in this image? Please answer yes or no.	No	Yes
count	000000432468.txt	Is there a zipper in the picture? Please answer yes or no.	No	Yes
count	000000097994.txt	Are there four laptops in the picture? Please answer yes or no.	No	Yes
count	000000410612.txt	Is there a total of two ships in the picture? Please answer yes or no.	No	Yes
count	000000276434.txt	Are there only two cakes in this image? Please answer yes or no.	No	Yes
count	000000438304.txt	Are there only one tennis racket in the picture? Please answer yes or no.	No	Yes
count	000000357816.txt	Are there five people in this image? Please answer yes or no.	No	Yes
count	000000236721.txt	Are there three bananas in the image? Please answer yes or no.	No	Yes
count	000000450303.txt	Are there seven people appear in this image? Please answer yes or no.	No	Yes
count	000000556000.txt	Are there only three people in the image? Please answer yes or no.	No	Yes
existence	000000009590.txt	Is there a bottle in this image? Please answer yes or no.	Yes	No
existence	000000537812.txt	Is there a chair in this image? Please answer yes or no.	Yes	No
landmark	00f4fb71575efb0b.txt	Is this a picture of 1965)? Please answer yes or no.	Yes	No
landmark	092d0859ff6424de.txt	Is this a photo of Kasteel Lunenburg? Please answer yes or no.	Yes	No
landmark	01e198bea8285816.txt	Is this an image of Hoher Markt, Vienna? Please answer yes or no.	No	Yes
landmark	0bd72080836eac97.txt	Is this a picture of Gouffre Berger? Please answer yes or no.	No	Yes
landmark	04ebe2885134597f.txt	Is this a picture of Imogiri? Please answer yes or no.	No	Yes
landmark	0e0511c6e33636ca.txt	Is this a picture of Victoria Stadium? Please answer yes or no.	Yes	No
landmark	0e0511c6e33636ca.txt	Is this a picture of Villa Belvedere (San Giuliano Terme)? Please answer yes or no.	No	Yes
landmark	10a944858a4283e0.txt	Is this a picture of Kartause Ittingen? Please answer yes or no.	No	Yes
landmark	06a85d0b5d70881d.txt	Is this an image of Jagdschloss Platte? Please answer yes or no.	No	Yes
landmark	06d039ff97afef04.txt	Is this a picture of Arch of Galerius (Thessaloniki)? Please answer yes or no.	Yes	No
landmark	11b6bb2c35f4ee22.txt	Is this an image of Ku-ring-gai Chase National Park? Please answer yes or no.	Yes	No
landmark	0237fc92f6b31aeb.txt	Is this a photo of St Thomas Rest Park? Please answer yes or no.	No	Yes
landmark	0d7716f4aed0c9fa.txt	Is this a photo of Grumentum, Parco archeologico? Please answer yes or no.	No	Yes
landmark	01425c4d35880aad.txt	Is this an image of Museu de Sant Boi de Llobregat? Please answer yes or no.	Yes	No
landmark	05d56e249af839e7.txt	Is this a photo of Serbian Orthodox Cathedral in Sarajevo? Please answer yes or no.	Yes	No
landmark	09232aeaf46dec64.txt	Is this a picture of Gwangtonggwan? Please answer yes or no.	No	Yes
landmark	010260e62e7d847d.txt	Is this a photo of Teutsche Schule (Schleusingen)? Please answer yes or no.	No	Yes
landmark	010b5b5c9c461f65.txt	Is this an image of Castello di Montalto Dora? Please answer yes or no.	No	Yes
landmark	03f65f52c0077b6c.txt	Is this a photo of Reading Lighthouse? Please answer yes or no.	Yes	No
landmark	0743e58605497887.txt	Is this an image of Burg Horn? Please answer yes or no.	No	Yes
landmark	034d066523bb20d1.txt	Is this a photo of Atami Castle? Please answer yes or no.	No	Yes
landmark	05b01b255cec2bfb.txt	Is this a photo of Puthoorppilly Sree Krishnaswamy Temple? Please answer yes or no.	Yes	No
landmark	029431b10472c228.txt	Is this a picture of Santa Caterina (Sassari)? Please answer yes or no.	Yes	No
landmark	029431b10472c228.txt	Is this a picture of Former Tainan Assembly Hall? Please answer yes or no.	No	Yes
landmark	0273f127895337be.txt	Is this a photo of Huxi Mosque? Please answer yes or no.	No	Yes
landmark	06134984e2aa9bcc.txt	Is this a picture of Goldeck? Please answer yes or no.	No	Yes
landmark	01b9b58a573c45f0.txt	Is this a picture of Kirche zur Heiligsten Dreifaltigkeit, Vienna? Please answer yes or no.	No	Yes
landmark	07ed43dd266b669b.txt	Is this a photo of Rocky Mountain National Park? Please answer yes or no.	Yes	No
landmark	07ed43dd266b669b.txt	Is this a photo of Col-des-Roches? Please answer yes or no.	No	Yes
landmark	00fa476690a260a8.txt	Is this an image of Moose River Plains Wild Forest? Please answer yes or no.	No	Yes
landmark	1ac0e3c493073995.txt	Is this an image of Silte kyrka? Please answer yes or no.	No	Yes
landmark	0b4240b5ef69362e.txt	Is this a photo of Bray Wick? Please answer yes or no.	No	Yes
landmark	0205343362e60daf.txt	Is this a picture of Simon en Judaskerk (Ootmarsum)? Please answer yes or no.	No	Yes
landmark	0613d7e8f292ee15.txt	Is this a photo of Museo Archeologico G. Rambotti? Please answer yes or no.	Yes	No
landmark	0443da4f4fcdea52.txt	Is this an image of Port of Funchal? Please answer yes or no.	Yes	No
landmark	070c8d6326a87397.txt	Is this an image of Tramway du Cap-Ferret? Please answer yes or no.	No	Yes
landmark	1023b7ec812bb4c6.txt	Is this a photo of Fagervik Church? Please answer yes or no.	No	Yes
landmark	036b60d84c6ebc63.txt	Is this a photo of Karl-Bittel-Park? Please answer yes or no.	No	Yes
landmark	17e0cd732e35d4aa.txt	Is this a photo of Millennium Tower (San Francisco, California)? Please answer yes or no.	Yes	No
landmark	0023bd687cbc0a44.txt	Is this a photo of Great Palace Mosaic Museum? Please answer yes or no.	No	Yes
landmark	0d70bceb2557d1f4.txt	Is this an image of Manta Rota? Please answer yes or no.	No	Yes
landmark	07551cf96af77299.txt	Is this a photo of Friedhof Wilmersdorf? Please answer yes or no.	Yes	No
landmark	01d9bef0120557a5.txt	Is this a photo of Andronikov Monastery? Please answer yes or no.	Yes	No
landmark	03aa5dd2e3aab548.txt	Is this a photo of Central Police Station? Please answer yes or no.	Yes	No
landmark	01f23b4c5253e9c6.txt	Is this a picture of Goethes Gartenhaus? Please answer yes or no.	Yes	No
landmark	09ae0628a75e4fcc.txt	Is this a picture of Salvation Army in Canada? Please answer yes or no.	No	Yes
landmark	0cc5201e37961a1d.txt	Is this a photo of Leopoldspark? Please answer yes or no.	No	Yes
landmark	02598153523880aa.txt	Is this a photo of Madliena, Malta? Please answer yes or no.	No	Yes
landmark	01928acd6dfe6cdd.txt	Is this a picture of Watergate Bay? Please answer yes or no.	Yes	No
landmark	0ba6fa7ade050d49.txt	Is this a photo of Waiola Church? Please answer yes or no.	No	Yes
landmark	01114538f95f1ce8.txt	Is this a picture of Bistrica, Ionian Sea? Please answer yes or no.	No	Yes
landmark	04b6c84ce89461ec.txt	Is this an image of Park HaMesila? Please answer yes or no.	No	Yes
landmark	002ae473a76362a6.txt	Is this an image of Schmiedebruch (Naturschutzgebiet)? Please answer yes or no.	No	Yes
landmark	1d4be36153741972.txt	Is this a picture of Marie Guyart Building? Please answer yes or no.	Yes	No
landmark	012ea376a16f17bf.txt	Is this a picture of Pfarrkirche St. Martin an der Raab? Please answer yes or no.	No	Yes
landmark	0cd8fda9668b3ed2.txt	Is this a picture of Kalayar Kovil? Please answer yes or no.	No	Yes
landmark	0d23f6c345b68c05.txt	Is this an image of Monte Olivia? Please answer yes or no.	Yes	No
landmark	08442f24f3c25565.txt	Is this a photo of Abdijkerk Loosduinen? Please answer yes or no.	Yes	No
landmark	02785530b6ac4f56.txt	Is this a picture of Razula? Please answer yes or no.	No	Yes
landmark	03729394d18f7e9a.txt	Is this an image of Saint Nikolaus Church (Beuster)? Please answer yes or no.	No	Yes
landmark	041da60e053c5906.txt	Is this a picture of Mas Cabrafiga? Please answer yes or no.	No	Yes
landmark	09b7acf87c8046ec.txt	Is this an image of Church of the Epiphany (Yaroslavl)? Please answer yes or no.	Yes	No
landmark	05bcf05b4460d2c3.txt	Is this an image of Mode Gakuen Cocoon Tower? Please answer yes or no.	No	Yes
landmark	05c3aa404351f407.txt	Is this an image of Pieve di Santa Maria a Carli? Please answer yes or no.	No	Yes
landmark	1053f4cebfceabd8.txt	Is this an image of Kirchenbibliothek St. Marien Barth? Please answer yes or no.	No	Yes
numerical_calculation	0020.txt	Is the answer to the arithmetic question in the image 9? Please answer yes or no.	Yes	No
numerical_calculation	0013.txt	Is the area of the right triangle in the picture equal to 24? Please answer yes or no.	Yes	No
numerical_calculation	0013.txt	Is the area of the right triangle in the picture equal to 8? Please answer yes or no.	No	Yes
numerical_calculation	0009.txt	Should the value of "a" in the picture equal 2? Please answer yes or no.	Yes	No
numerical_calculation	0009.txt	Should the value of "a" in the picture equal 3? Please answer yes or no.	No	Yes
numerical_calculation	0003.txt	Is the answer to the arithmetic question in the image 65? Please answer yes or no.	Yes	No
numerical_calculation	0007.txt	Is the answer to the arithmetic question in the image 49? Please answer yes or no.	Yes	No
numerical_calculation	0015.txt	Is the answer to the arithmetic question in the image 11? Please answer yes or no.	Yes	No
numerical_calculation	0019.txt	Is the answer to the arithmetic question in the image 18? Please answer yes or no.	Yes	No
numerical_calculation	0019.txt	Is the answer to the arithmetic question in the image 36? Please answer yes or no.	No	Yes
numerical_calculation	0012.txt	Should the value of "a" in the picture equal 9? Please answer yes or no.	Yes	No
numerical_calculation	0012.txt	Should the value of "a" in the picture equal 1? Please answer yes or no.	No	Yes
numerical_calculation	0002.txt	Is the answer to the arithmetic question in the image 340? Please answer yes or no.	Yes	No
numerical_calculation	0002.txt	Is the answer to the arithmetic question in the image 17? Please answer yes or no.	No	Yes
numerical_calculation	0005.txt	Is the area of the square in the picture equal to 40? Please answer yes or no.	Yes	No
numerical_calculation	0006.txt	Is the area of the square in the picture equal to 9? Please answer yes or no.	Yes	No
numerical_calculation	0006.txt	Is the area of the square in the picture equal to 3? Please answer yes or no.	No	Yes
numerical_calculation	0001.txt	Is the answer to the arithmetic question in the image 225? Please answer yes or no.	Yes	No
numerical_calculation	0016.txt	Is the answer to the arithmetic question in the image 9? Please answer yes or no.	Yes	No
numerical_calculation	0011.txt	Is the area of the parallelogram in the picture equal to 24? Please answer yes or no.	Yes	No
numerical_calculation	0011.txt	Is the area of the parallelogram in the picture equal to 6? Please answer yes or no.	No	Yes
numerical_calculation	0004.txt	Is the answer to the arithmetic question in the image 33? Please answer yes or no.	Yes	No
numerical_calculation	0008.txt	Should the value of "a" in the picture equal 7? Please answer yes or no.	Yes	No
position	000000472046.txt	Is the pineapple on the left of the pot in the image? Please answer yes or no.	Yes	No
position	000000472046.txt	Is the pineapple on the right of the pot in the image? Please answer yes or no.	No	Yes
position	000000530162.txt	Is the big red and black umbrella under people? Please answer yes or no.	No	Yes
position	000000097994.txt	Is the light under the computer in the image? Please answer yes or no.	No	Yes
position	000000212800.txt	Is the blue umbrella above the black umbrella? Please answer yes or no.	No	Yes
position	000000477955.txt	Is the person under the kite? Please answer yes or no.	Yes	No
position	000000477955.txt	Is the person above the kite? Please answer yes or no.	No	Yes
position	000000031248.txt	Is there a sofa in the middle of potted plants in the image? Please answer yes or no.	Yes	No
position	000000031248.txt	Is there a sofa in the right side of potted plants in the image? Please answer yes or no.	No	Yes
position	000000211825.txt	Is the cake on the left side of the camera? Please answer yes or no.	Yes	No
position	000000211825.txt	Is the cake on the right side of the camera? Please answer yes or no.	No	Yes
position	000000395801.txt	Is the clock under people? Please answer yes or no.	No	Yes
position	000000062808.txt	Is the phone under the pizza in the image? Please answer yes or no.	No	Yes
position	000000450303.txt	Is the monitor on top of a person? Please answer yes or no.	Yes	No
position	000000509699.txt	Is the mirror under the TV? Please answer yes or no.	No	Yes
position	000000056127.txt	Is the light under the fire hydrant in the image?  Please answer yes or no.	No	Yes
position	000000578922.txt	Is the vase on the right of the toothbrush? Please answer yes or no.	No	Yes
posters	tt1403865.txt	Is this movie directed by ethan coen,joel coen? Please answer yes or no.	Yes	No
posters	tt1403865.txt	Is this movie directed by john hillcoat? Please answer yes or no.	No	Yes
posters	tt5688868.txt	Is this movie titled primal rage: the legend of konga (2018)? Please answer yes or no.	Yes	No
posters	tt3495026.txt	Is this movie titled from afar (2015)? Please answer yes or no.	No	Yes
posters	tt0100112.txt	Is this movie originated from the country or region of france? Please answer yes or no.	Yes	france
posters	tt0443680.txt	Is this movie originated from the country or region of germany? Please answer yes or no.	No	Yes
posters	tt0100935.txt	Is this movie originated from the country or region of usa? Please answer yes or no.	Yes	No
posters	tt0086250.txt	Is this movie directed by brian de palma? Please answer yes or no.	Yes	No
posters	tt0101889.txt	Is this movie titled the fisher king (1991)? Please answer yes or no.	Yes	No
posters	tt0096463.txt	Is this movie directed by cary joji fukunaga? Please answer yes or no.	No	Yes
posters	tt0074749.txt	Is this movie originated from the country or region of usa? Please answer yes or no.	Yes	No
posters	tt0118655.txt	Is this movie directed by jay roach? Please answer yes or no.	Yes	No
posters	tt2132285.txt	Is this movie titled tropic thunder (2008)? Please answer yes or no.	No	Yes
posters	tt0462499.txt	Is this movie titled walking tall (2004)? Please answer yes or no.	No	Yes
posters	tt0096446.txt	Is this movie directed by ron howard? Please answer yes or no.	Yes	No
posters	tt1971325.txt	Is this movie originated from the country or region of bulgaria? Please answer yes or no.	Yes	No
posters	tt0097576.txt	Is this movie directed by steven spielberg? Please answer yes or no.	Yes	No
posters	tt0114388.txt	Is this movie directed by ang lee? Please answer yes or no.	Yes	No
posters	tt1057500.txt	Is this movie directed by clint eastwood? Please answer yes or no.	Yes	No
posters	tt1722484.txt	Is this movie directed by hermine huntgeburth? Please answer yes or no.	Yes	No
posters	tt1124037.txt	Is this movie directed by gary ross? Please answer yes or no.	Yes	No
posters	tt0067185.txt	Is this movie directed by hal ashby? Please answer yes or no.	Yes	No
posters	tt0264395.txt	Is this movie originated from the country or region of germany? Please answer yes or no.	Yes	No
posters	tt0351977.txt	Is this movie directed by kevin bray? Please answer yes or no.	Yes	No
posters	tt0099653.txt	Is this movie directed by jerry zucker? Please answer yes or no.	Yes	No
posters	tt0067116.txt	Is this movie originated from the country or region of uk? Please answer yes or no.	No	Yes
posters	tt0399201.txt	Is this movie directed by michael bay? Please answer yes or no.	Yes	No
posters	tt0338751.txt	Is this movie directed by martin scorsese? Please answer yes or no.	Yes	No
posters	tt0084787.txt	Is this movie titled jay and silent bob strike back (2001)? Please answer yes or no.	No	Yes
posters	tt3700804.txt	Is this movie originated from the country or region of uk? Please answer yes or no.	No	uk
posters	tt3860916.txt	Is this movie directed by ben howling? Please answer yes or no.	Yes	No
posters	tt1606378.txt	Is this movie originated from the country or region of uk? Please answer yes or no.	No	Yes
posters	tt0369702.txt	Is this movie originated from the country or region of france? Please answer yes or no.	No	Yes
posters	tt0163025.txt	Is this movie directed by joe johnston? Please answer yes or no.	Yes	No
posters	tt0195714.txt	Is this movie directed by james wong? Please answer yes or no.	Yes	No
posters	tt0266697.txt	Is this movie directed by quentin tarantino? Please answer yes or no.	Yes	No
posters	tt5726086.txt	Is this movie directed by adam robitel? Please answer yes or no.	Yes	No
posters	tt5726086.txt	Is this movie directed by gore verbinski? Please answer yes or no.	No	Yes
posters	tt0373469.txt	Is this movie directed by shane black? Please answer yes or no.	Yes	No
scene	Places365_val_00000010.txt	Does this image describe a place of shopping mall indoor? Please answer yes or no.	Yes	No
scene	Places365_val_00000089.txt	Is this photo taken in a place of martial arts gym? Please answer yes or no.	Yes	No
scene	Places365_val_00000082.txt	Is this photo taken in a place of recreation room? Please answer yes or no.	No	Yes
scene	Places365_val_00000076.txt	Is this photo taken in a place of bakery shop? Please answer yes or no.	Yes	No
scene	Places365_val_00000190.txt	Is this picture captured in a place of pizzeria? Please answer yes or no.	Yes	No
scene	Places365_val_00000193.txt	Is this picture captured in a place of ice floe? Please answer yes or no.	Yes	No
scene	Places365_val_00000193.txt	Is this picture captured in a place of closet? Please answer yes or no.	No	Yes
scene	Places365_val_00000144.txt	Is this picture captured in a place of vineyard? Please answer yes or no.	Yes	No
scene	Places365_val_00000001.txt	Is this picture captured in a place of greenhouse indoor? Please answer yes or no.	Yes	No
scene	Places365_val_00000078.txt	Is this picture captured in a place of fire escape? Please answer yes or no.	No	Yes
scene	Places365_val_00000070.txt	Is this picture captured in a place of bazaar indoor? Please answer yes or no.	No	Yes
scene	Places365_val_00000115.txt	Is this picture captured in a place of zen garden? Please answer yes or no.	Yes	No
scene	Places365_val_00000141.txt	Does this image describe a place of roof garden? Please answer yes or no.	Yes	No
scene	Places365_val_00000028.txt	Is this picture captured in a place of lecture room? Please answer yes or no.	Yes	No
scene	Places365_val_00000166.txt	Is this photo taken in a place of dorm room? Please answer yes or no.	Yes	No
scene	Places365_val_00000071.txt	Is this picture captured in a place of youth hostel? Please answer yes or no.	Yes	No
scene	Places365_val_00000120.txt	Is this photo taken in a place of legislative chamber? Please answer yes or no.	Yes	No
scene	Places365_val_00000069.txt	Is this picture captured in a place of mausoleum? Please answer yes or no.	Yes	No
scene	Places365_val_00000069.txt	Is this picture captured in a place of alcove? Please answer yes or no.	No	Yes
scene	Places365_val_00000050.txt	Is this picture captured in a place of zen garden? Please answer yes or no.	Yes	No
scene	Places365_val_00000112.txt	Does this image describe a place of bus station indoor? Please answer yes or no.	Yes	No
scene	Places365_val_00000109.txt	Is this photo taken in a place of nursing home? Please answer yes or no.	Yes	No
scene	Places365_val_00000085.txt	Is this photo taken in a place of pavilion? Please answer yes or no.	No	Yes
scene	Places365_val_00000125.txt	Is this picture captured in a place of biology laboratory? Please answer yes or no.	Yes	No
scene	Places365_val_00000105.txt	Is this picture captured in a place of train interior? Please answer yes or no.	Yes	No
scene	Places365_val_00000060.txt	Is this photo taken in a place of subway station platform? Please answer yes or no.	No	Yes
scene	Places365_val_00000157.txt	Is this picture captured in a place of swamp? Please answer yes or no.	Yes	No
scene	Places365_val_00000080.txt	Is this photo taken in a place of escalator indoor? Please answer yes or no.	Yes	No
scene	Places365_val_00000059.txt	Is this photo taken in a place of hangar outdoor? Please answer yes or no.	No	Yes
scene	Places365_val_00000171.txt	Is this picture captured in a place of greenhouse outdoor? Please answer yes or no.	Yes	greenhouse
scene	Places365_val_00000146.txt	Does this image describe a place of industrial area? Please answer yes or no.	No	Yes
scene	Places365_val_00000049.txt	Is this picture captured in a place of ski slope? Please answer yes or no.	No	Yes
scene	Places365_val_00000034.txt	Does this image describe a place of racecourse? Please answer yes or no.	Yes	No
scene	Places365_val_00000034.txt	Does this image describe a place of galley? Please answer yes or no.	No	Yes
scene	Places365_val_00000013.txt	Is this picture captured in a place of beach house? Please answer yes or no.	Yes	No
scene	Places365_val_00000181.txt	Does this image describe a place of general store outdoor? Please answer yes or no.	Yes	No
scene	Places365_val_00000128.txt	Is this photo taken in a place of viaduct? Please answer yes or no.	No	Yes
scene	Places365_val_00000118.txt	Is this photo taken in a place of laundromat? Please answer yes or no.	Yes	No
scene	Places365_val_00000068.txt	Is this photo taken in a place of kasbah? Please answer yes or no.	Yes	No
scene	Places365_val_00000084.txt	Does this image describe a place of greenhouse outdoor? Please answer yes or no.	No	Yes
scene	Places365_val_00000039.txt	Is this picture captured in a place of auto factory? Please answer yes or no.	Yes	No
scene	Places365_val_00000033.txt	Is this photo taken in a place of florist shop indoor? Please answer yes or no.	Yes	No
scene	Places365_val_00000185.txt	Is this picture captured in a place of supermarket? Please answer yes or no.	Yes	No
scene	Places365_val_00000151.txt	Does this image describe a place of lagoon? Please answer yes or no.	Yes	No
scene	Places365_val_00000099.txt	Does this image describe a place of physics laboratory? Please answer yes or no.	Yes	No
scene	Places365_val_00000099.txt	Does this image describe a place of stage indoor? Please answer yes or no.	No	Yes
scene	Places365_val_00000002.txt	Is this photo taken in a place of wet bar? Please answer yes or no.	Yes	No
scene	Places365_val_00000002.txt	Is this photo taken in a place of stage indoor? Please answer yes or no.	No	stage
scene	Places365_val_00000178.txt	Is this photo taken in a place of youth hostel? Please answer yes or no.	Yes	No
scene	Places365_val_00000178.txt	Is this photo taken in a place of hangar indoor? Please answer yes or no.	No	Yes
scene	Places365_val_00000035.txt	Is this photo taken in a place of kennel outdoor? Please answer yes or no.	Yes	No
scene	Places365_val_00000135.txt	Is this picture captured in a place of islet? Please answer yes or no.	Yes	islet
scene	Places365_val_00000063.txt	Does this image describe a place of doorway outdoor? Please answer yes or no.	No	Yes
scene	Places365_val_00000179.txt	Does this image describe a place of hot spring? Please answer yes or no.	Yes	No
scene	Places365_val_00000121.txt	Is this photo taken in a place of berth? Please answer yes or no.	No	Yes
scene	Places365_val_00000170.txt	Is this picture captured in a place of pharmacy? Please answer yes or no.	Yes	No
scene	Places365_val_00000122.txt	Is this photo taken in a place of hayfield? Please answer yes or no.	Yes	No
scene	Places365_val_00000040.txt	Is this picture captured in a place of beach? Please answer yes or no.	Yes	No
scene	Places365_val_00000148.txt	Is this photo taken in a place of apartment building outdoor? Please answer yes or no.	No	apartment building
scene	Places365_val_00000168.txt	Does this image describe a place of airplane cabin? Please answer yes or no.	Yes	No
text_translation	0009.txt	Is it appropriate to translate the Chinese in the image into English 'creative people' in the picture? Please answer yes or no.	Yes	No
text_translation	0003.txt	Is it appropriate to translate the Chinese in the image into English 'sunny weather' in the picture? Please answer yes or no.	Yes	No
text_translation	0003.txt	Is it appropriate to translate the Chinese in the image into English 'cold weather' in the picture? Please answer yes or no.	No	Yes
text_translation	0017.txt	Is it appropriate to translate the Chinese in the image into English 'delicious fruit' in the picture? Please answer yes or no.	Yes	No
text_translation	0012.txt	Is it appropriate to translate the Chinese in the image into English 'difficult and dangerous' in the picture? Please answer yes or no.	No	Yes
text_translation	0002.txt	Is it appropriate to translate the Chinese in the image into English 'a delicious dinner' in the picture? Please answer yes or no.	Yes	No
text_translation	0005.txt	Is it appropriate to translate the Chinese in the image into English 'feeling happy' in the picture? Please answer yes or no.	Yes	No
text_translation	0005.txt	Is it appropriate to translate the Chinese in the image into English 'feeling bored' in the picture? Please answer yes or no.	No	Yes
text_translation	0001.txt	Is it appropriate to translate the Chinese in the image into English 'classic taste' in the picture? Please answer yes or no.	Yes	No
text_translation	0008.txt	Is it appropriate to translate the Chinese in the image into English 'very thankful' in the picture? Please answer yes or no.	No	Yes
text_translation	0010.txt	Is it appropriate to translate the Chinese in the image into English 'a beautiful garden' in the picture? Please answer yes or no.	Yes	No
